<?xml version="1.0" encoding="UTF-8"?>
<project-private xmlns="http://www.netbeans.org/ns/project-private/1">
    <editor-bookmarks xmlns="http://www.netbeans.org/ns/editor-bookmarks/2" lastBookmarkId="0"/>
    <open-files xmlns="http://www.netbeans.org/ns/projectui-open-files/2">
        <group>
            <file>file:/C:/Users/Administrator/Desktop/senior%20project/adaptive_mic_system_revC_2.X/AM_SensorArray_Lib_RevC.c</file>
            <file>file:/C:/Users/Administrator/Desktop/senior%20project/adaptive_mic_system_revC_2.X/AM_Setup_RevC.c</file>
        </group>
    </open-files>
</project-private>
